{"cameraMode":{"drawMode":0,"name":"Shaded","section":"Shading Mode"},"sceneLighting":true,"audioPlay":false,"sceneViewState":{"m_AlwaysRefresh":false,"showFog":true,"showSkybox":false,"showFlares":true,"showImageEffects":true,"showParticleSystems":true,"showVisualEffectGraphs":true,"m_FxEnabled":true},"in2DMode":false,"pivot":{"x":-8.371488571166993,"y":1.0862945318222047,"z":2.1992294788360597},"rotation":{"x":0.019945433363318445,"y":-0.8544752597808838,"z":0.034568000584840778,"w":0.5184694528579712},"size":3.4292855262756349,"orthographic":false}