{"cameraMode":{"drawMode":0,"name":"Shaded","section":"Shading Mode"},"sceneLighting":false,"audioPlay":false,"sceneViewState":{"m_AlwaysRefresh":false,"showFog":true,"showSkybox":false,"showFlares":true,"showImageEffects":true,"showParticleSystems":true,"showVisualEffectGraphs":true,"m_FxEnabled":true},"in2DMode":false,"pivot":{"x":-3.880742311477661,"y":1.1175997257232667,"z":-0.45455288887023928},"rotation":{"x":0.02861376665532589,"y":-0.5135005712509155,"z":0.018211254850029947,"w":0.8577637076377869},"size":12.460103988647461,"orthographic":false}